,Provider.Number,Hospital.Name,Address.1,Address.2,Address.3,City,State,ZIP.Code,County.Name,Phone.Number,Hospital.30.Day.Death..Mortality..Rates.from.Heart.Attack,Comparison.to.U.S..Rate...Hospital.30.Day.Death..Mortality..Rates.from.Heart.Attack,Lower.Mortality.Estimate...Hospital.30.Day.Death..Mortality..Rates.from.Heart.Attack,Upper.Mortality.Estimate...Hospital.30.Day.Death..Mortality..Rates.from.Heart.Attack,Number.of.Patients...Hospital.30.Day.Death..Mortality..Rates.from.Heart.Attack,Footnote...Hospital.30.Day.Death..Mortality..Rates.from.Heart.Attack,Hospital.30.Day.Death..Mortality..Rates.from.Heart.Failure,Comparison.to.U.S..Rate...Hospital.30.Day.Death..Mortality..Rates.from.Heart.Failure,Lower.Mortality.Estimate...Hospital.30.Day.Death..Mortality..Rates.from.Heart.Failure,Upper.Mortality.Estimate...Hospital.30.Day.Death..Mortality..Rates.from.Heart.Failure,Number.of.Patients...Hospital.30.Day.Death..Mortality..Rates.from.Heart.Failure,Footnote...Hospital.30.Day.Death..Mortality..Rates.from.Heart.Failure,Hospital.30.Day.Death..Mortality..Rates.from.Pneumonia,Comparison.to.U.S..Rate...Hospital.30.Day.Death..Mortality..Rates.from.Pneumonia,Lower.Mortality.Estimate...Hospital.30.Day.Death..Mortality..Rates.from.Pneumonia,Upper.Mortality.Estimate...Hospital.30.Day.Death..Mortality..Rates.from.Pneumonia,Number.of.Patients...Hospital.30.Day.Death..Mortality..Rates.from.Pneumonia,Footnote...Hospital.30.Day.Death..Mortality..Rates.from.Pneumonia,Hospital.30.Day.Readmission.Rates.from.Heart.Attack,Comparison.to.U.S..Rate...Hospital.30.Day.Readmission.Rates.from.Heart.Attack,Lower.Readmission.Estimate...Hospital.30.Day.Readmission.Rates.from.Heart.Attack,Upper.Readmission.Estimate...Hospital.30.Day.Readmission.Rates.from.Heart.Attack,Number.of.Patients...Hospital.30.Day.Readmission.Rates.from.Heart.Attack,Footnote...Hospital.30.Day.Readmission.Rates.from.Heart.Attack,Hospital.30.Day.Readmission.Rates.from.Heart.Failure,Comparison.to.U.S..Rate...Hospital.30.Day.Readmission.Rates.from.Heart.Failure,Lower.Readmission.Estimate...Hospital.30.Day.Readmission.Rates.from.Heart.Failure,Upper.Readmission.Estimate...Hospital.30.Day.Readmission.Rates.from.Heart.Failure,Number.of.Patients...Hospital.30.Day.Readmission.Rates.from.Heart.Failure,Footnote...Hospital.30.Day.Readmission.Rates.from.Heart.Failure,Hospital.30.Day.Readmission.Rates.from.Pneumonia,Comparison.to.U.S..Rate...Hospital.30.Day.Readmission.Rates.from.Pneumonia,Lower.Readmission.Estimate...Hospital.30.Day.Readmission.Rates.from.Pneumonia,Upper.Readmission.Estimate...Hospital.30.Day.Readmission.Rates.from.Pneumonia,Number.of.Patients...Hospital.30.Day.Readmission.Rates.from.Pneumonia,Footnote...Hospital.30.Day.Readmission.Rates.from.Pneumonia
92,330214,NYU HOSPITALS CENTER,550 FIRST AVENUE,,,NEW YORK,NY,10016,NEW YORK,2122637300,10.1,Better than U.S. National Rate,8.0,12.4,295,,7.1,Better than U.S. National Rate,5.8,8.6,820,,7.7,Better than U.S. National Rate,6.3,9.4,566,,20.5,No Different than U.S. National Rate,17.6,23.8,347,,23.2,No Different than U.S. National Rate,21.1,25.5,1014,,16.7,No Different than U.S. National Rate,14.5,19.4,583,
66,330194,MAIMONIDES MEDICAL CENTER,4802 TENTH AVENUE,,,BROOKLYN,NY,11219,KINGS,7182836000,11,Better than U.S. National Rate,9.6,12.5,835,,7.5,Better than U.S. National Rate,6.5,8.7,1421,,7.4,Better than U.S. National Rate,6.3,8.9,833,,22.3,Worse than U.S. National Rate,20.2,24.6,864,,26.2,No Different than U.S. National Rate,24.4,28.2,1790,,19.0,No Different than U.S. National Rate,16.9,21.3,848,
84,330101,NEW YORK-PRESBYTERIAN HOSPITAL,525 EAST 68TH STREET,,,NEW YORK,NY,10021,NEW YORK,2127464189,11.4,Better than U.S. National Rate,9.8,13.2,883,,8.0,Better than U.S. National Rate,7.0,9.1,1839,,8.1,Better than U.S. National Rate,7.1,9.4,1350,,20.9,No Different than U.S. National Rate,19.1,22.8,1435,,27.3,Worse than U.S. National Rate,25.6,29.0,2401,,20.0,No Different than U.S. National Rate,18.1,22.0,1342,
121,330182,ST FRANCIS HOSPITAL, ROSLYN,100 PORT WASHINGTON BOULEVARD,,,ROSLYN,NY,11576,NASSAU,5165626000,11.4,Better than U.S. National Rate,9.6,13.9,616,,10.0,Better than U.S. National Rate,8.7,11.5,1366,,10.8,No Different than U.S. National Rate,8.8,13.2,445,,18.0,No Different than U.S. National Rate,16.1,20.1,1093,,25.1,No Different than U.S. National Rate,23.2,27.1,1700,,16.2,No Different than U.S. National Rate,13.8,19.4,437,
117,330401,ST CATHERINE OF SIENA HOSPITAL,50 ROUTE 25A,,,SMITHTOWN,NY,11787,SUFFOLK,6318623000,12,Better than U.S. National Rate,9.8,14.5,250,,12.5,No Different than U.S. National Rate,10.6,14.6,677,,13.1,No Different than U.S. National Rate,11.0,15.5,518,,18.3,No Different than U.S. National Rate,15.3,22.0,186,,29.4,Worse than U.S. National Rate,26.5,32.3,740,,21.2,No Different than U.S. National Rate,18.4,24.1,492,
87,330106,NORTH SHORE UNIVERSITY HOSPITAL,300 COMMUNITY DRIVE,,,MANHASSET,NY,11030,NASSAU,5165620100,12.5,Better than U.S. National Rate,10.6,14.5,680,,13.2,No Different than U.S. National Rate,11.6,14.8,1257,,10.4,Better than U.S. National Rate,9.1,11.8,1296,,23.2,Worse than U.S. National Rate,20.8,25.6,923,,28.2,Worse than U.S. National Rate,26.0,30.4,1549,,19.4,No Different than U.S. National Rate,17.5,21.5,1261,
8,330204,BELLEVUE HOSPITAL CENTER,462 FIRST AVENUE,,,NEW YORK,NY,10016,NEW YORK,2125614132,12.6,No Different than U.S. National Rate,9.7,16.5,86,,10.7,No Different than U.S. National Rate,7.7,14.5,110,,10.9,No Different than U.S. National Rate,8.0,15.0,98,,21.0,No Different than U.S. National Rate,17.3,25.1,172,,28.0,No Different than U.S. National Rate,23.5,32.6,179,,19.6,No Different than U.S. National Rate,15.5,24.1,114,
51,330185,JOHN T MATHER MEMORIAL HOSPITAL  OF PORT JEFFERSON,75 NORTH COUNTRY ROAD,,,PORT JEFFERSON,NY,11777,SUFFOLK,6314731320,12.6,Better than U.S. National Rate,10.5,15.1,340,,10.9,No Different than U.S. National Rate,9.1,12.9,660,,10.0,No Different than U.S. National Rate,8.2,12.2,536,,20.3,No Different than U.S. National Rate,17.3,23.6,222,,25.4,No Different than U.S. National Rate,22.9,28.2,731,,18.2,No Different than U.S. National Rate,15.7,21.0,514,
60,330119,LENOX HILL HOSPITAL,100 EAST 77TH STREET,,,NEW YORK,NY,10021,NEW YORK,2124392345,12.7,No Different than U.S. National Rate,10.3,15.9,302,,8.1,Better than U.S. National Rate,6.5,10.0,572,,11.6,No Different than U.S. National Rate,9.6,13.9,500,,19.5,No Different than U.S. National Rate,16.8,22.5,474,,27.2,No Different than U.S. National Rate,24.5,30.1,736,,21.4,No Different than U.S. National Rate,18.4,24.5,510,
5,330090,ARNOT OGDEN MEDICAL CENTER,600 ROE AVENUE,,,ELMIRA,NY,14905,CHEMUNG,6077374100,12.8,No Different than U.S. National Rate,10.3,15.8,314,,14.2,No Different than U.S. National Rate,11.6,17.1,364,,11.1,No Different than U.S. National Rate,9.2,13.4,532,,21.1,No Different than U.S. National Rate,17.9,24.3,340,,26.0,No Different than U.S. National Rate,22.8,29.4,409,,21.2,No Different than U.S. National Rate,18.4,23.9,565,
104,330125,ROCHESTER GENERAL HOSPITAL,1425 PORTLAND AVENUE,,,ROCHESTER,NY,14621,MONROE,5859224000,12.8,No Different than U.S. National Rate,10.4,15.5,394,,10.0,No Different than U.S. National Rate,8.3,12.1,641,,11.4,No Different than U.S. National Rate,9.1,14.2,329,,20.7,No Different than U.S. National Rate,18.1,23.4,515,,25.6,No Different than U.S. National Rate,23.1,28.4,819,,21.4,No Different than U.S. National Rate,18.1,24.8,358,
94,330126,ORANGE REGIONAL MEDICAL CENTER,707 EAST MAIN STREET,,,MIDDLETOWN,NY,10940,ORANGE,8453432424,12.9,No Different than U.S. National Rate,10.7,15.5,372,,9.9,No Different than U.S. National Rate,8.4,11.6,795,,11.5,No Different than U.S. National Rate,9.9,13.3,858,,22.4,No Different than U.S. National Rate,19.0,26.0,263,,29.6,Worse than U.S. National Rate,26.9,32.3,892,,22.2,Worse than U.S. National Rate,19.9,24.7,879,
99,330261,PHELPS MEMORIAL HOSPITAL ASSN,701 NORTH BROADWAY,,,SLEEPY HOLLOW,NY,10591,WESTCHESTER,9143663000,12.9,No Different than U.S. National Rate,10.1,16.5,113,,13.6,No Different than U.S. National Rate,11.0,16.7,310,,12.3,No Different than U.S. National Rate,9.7,15.4,247,,19.2,No Different than U.S. National Rate,15.4,23.5,93,,23.6,No Different than U.S. National Rate,20.4,27.2,336,,16.6,No Different than U.S. National Rate,13.7,20.3,234,
25,330196,CONEY ISLAND HOSPITAL,2601 OCEAN PARKWAY,,,BROOKLYN,NY,11235,KINGS,7186163000,13.1,No Different than U.S. National Rate,10.5,16.1,183,,10.2,No Different than U.S. National Rate,8.4,12.2,550,,10.1,No Different than U.S. National Rate,7.9,12.9,248,,21.0,No Different than U.S. National Rate,17.3,24.9,116,,31.0,Worse than U.S. National Rate,27.8,34.0,657,,20.7,No Different than U.S. National Rate,17.4,24.4,238,
146,330304,WHITE PLAINS HOSPITAL CENTER,41 EAST POST R0AD,,,WHITE PLAINS,NY,10601,WESTCHESTER,9146810600,13.1,No Different than U.S. National Rate,10.4,16.2,191,,9.8,No Different than U.S. National Rate,8.0,12.1,521,,10.6,No Different than U.S. National Rate,8.6,12.7,654,,20.6,No Different than U.S. National Rate,17.0,24.8,131,,25.9,No Different than U.S. National Rate,22.9,29.2,573,,19.5,No Different than U.S. National Rate,16.9,22.3,650,
130,330046,ST LUKE'S ROOSEVELT HOSPITAL,1111 AMSTERDAM AVENUE,,,NEW YORK,NY,10025,NEW YORK,2125234000,13.2,No Different than U.S. National Rate,10.9,15.8,363,,10.4,No Different than U.S. National Rate,8.5,12.5,582,,10.9,No Different than U.S. National Rate,9.1,13.0,557,,22.0,No Different than U.S. National Rate,18.8,25.8,339,,32.1,Worse than U.S. National Rate,28.8,35.3,710,,22.1,Worse than U.S. National Rate,18.7,25.1,570,
144,330023,VASSAR BROTHERS MEDICAL CENTER,45 READE PLACE,,,POUGHKEEPSIE,NY,12601,DUTCHESS,8454548500,13.2,No Different than U.S. National Rate,11.0,15.7,504,,10.7,No Different than U.S. National Rate,9.2,12.4,1088,,12.1,No Different than U.S. National Rate,10.3,14.2,758,,19.9,No Different than U.S. National Rate,17.3,22.7,564,,27.6,Worse than U.S. National Rate,25.2,30.0,1291,,22.6,Worse than U.S. National Rate,19.8,25.2,759,
145,330234,WESTCHESTER MEDICAL CENTER,100 WOODS RD,,,VALHALLA,NY,10595,WESTCHESTER,9142857017,13.2,No Different than U.S. National Rate,10.5,16.6,278,,10.2,No Different than U.S. National Rate,7.7,13.4,245,,12.1,No Different than U.S. National Rate,8.8,16.5,118,,22.0,No Different than U.S. National Rate,19.1,24.9,622,,24.6,No Different than U.S. National Rate,21.4,28.2,363,,20.6,No Different than U.S. National Rate,16.9,25.0,116,
59,330061,LAWRENCE HOSPITAL CENTER,55 PALMER AVENUE,,,BRONXVILLE,NY,10708,WESTCHESTER,9147871000,13.3,No Different than U.S. National Rate,10.3,16.7,111,,11.6,No Different than U.S. National Rate,9.4,14.2,399,,14.4,No Different than U.S. National Rate,11.7,17.6,373,,20.9,No Different than U.S. National Rate,16.7,25.9,52,,24.8,No Different than U.S. National Rate,21.7,28.3,442,,19.1,No Different than U.S. National Rate,16.1,22.5,356,
72,330199,METROPOLITAN HOSPITAL CENTER,1901 FIRST AVENUE,,,NEW YORK,NY,10029,NEW YORK,2124237554,13.3,No Different than U.S. National Rate,9.9,17.4,37,,10.3,No Different than U.S. National Rate,7.3,14.5,41,,12.4,No Different than U.S. National Rate,8.4,18.1,35,,20.8,No Different than U.S. National Rate,16.8,25.6,26,,27.1,No Different than U.S. National Rate,22.3,32.6,54,,18.5,No Different than U.S. National Rate,14.3,23.5,33,
139,330393,UNIVERSITY HOSPITAL ( STONY BROOK ),HEALTH SCIENCES CENTER SUNY,,,STONY BROOK,NY,11794,SUFFOLK,6314444000,13.3,No Different than U.S. National Rate,11.3,15.5,737,,8.9,Better than U.S. National Rate,7.2,10.9,554,,11.6,No Different than U.S. National Rate,9.3,14.1,393,,22.4,Worse than U.S. National Rate,20.3,24.6,1118,,23.6,No Different than U.S. National Rate,21.2,26.3,744,,21.0,No Different than U.S. National Rate,18.1,24.1,414,
11,330135,BON SECOURS COMMUNITY HOSPITAL,160 EAST MAIN STREET,,,PORT JERVIS,NY,12771,ORANGE,8458565351,13.4,No Different than U.S. National Rate,10.5,17.1,70,,10.4,No Different than U.S. National Rate,8.0,13.6,191,,9.9,No Different than U.S. National Rate,7.5,13.1,156,,20.6,No Different than U.S. National Rate,16.8,24.9,51,,23.9,No Different than U.S. National Rate,20.2,28.0,206,,18.2,No Different than U.S. National Rate,14.9,22.0,160,
105,330215,ROME MEMORIAL HOSPITAL, INC,1500 NORTH JAMES STREET,,,ROME,NY,13440,ONEIDA,3153387000,13.4,No Different than U.S. National Rate,10.2,17.2,88,,11.4,No Different than U.S. National Rate,8.9,14.4,285,,12.0,No Different than U.S. National Rate,9.3,15.4,238,,20.5,No Different than U.S. National Rate,16.5,25.0,52,,23.7,No Different than U.S. National Rate,20.2,27.6,310,,19.8,No Different than U.S. National Rate,16.4,23.5,226,
9,330224,BENEDICTINE HOSPITAL,105 MARY'S AVENUE,,,KINGSTON,NY,12401,ULSTER,8453382500,13.5,No Different than U.S. National Rate,10.3,17.4,78,,11.3,No Different than U.S. National Rate,8.7,14.3,267,,10.9,No Different than U.S. National Rate,8.3,14.4,184,,20.0,No Different than U.S. National Rate,16.0,24.8,53,,28.5,No Different than U.S. National Rate,24.6,32.7,313,,18.9,No Different than U.S. National Rate,15.5,22.7,195,
73,330059,MONTEFIORE MEDICAL CENTER,111 EAST 210TH STREET,,,BRONX,NY,10467,BRONX,7189204321,13.5,No Different than U.S. National Rate,11.5,15.9,514,,9.4,Better than U.S. National Rate,8.1,11.1,1153,,10.6,No Different than U.S. National Rate,9.0,12.5,838,,21.2,No Different than U.S. National Rate,18.6,23.8,598,,27.9,Worse than U.S. National Rate,25.9,30.0,1450,,21.9,Worse than U.S. National Rate,19.5,24.5,846,
126,330140,ST JOSEPH'S HOSPITAL HEALTH CENTER,301 PROSPECT AVENUE,,,SYRACUSE,NY,13203,ONONDAGA,3154485111,13.5,No Different than U.S. National Rate,11.6,15.7,741,,12.2,No Different than U.S. National Rate,10.5,14.0,1000,,10.1,Better than U.S. National Rate,8.8,11.6,1245,,21.9,No Different than U.S. National Rate,19.7,24.2,1012,,27.1,Worse than U.S. National Rate,24.8,29.5,1174,,20.8,Worse than U.S. National Rate,18.8,22.9,1256,
114,330043,SOUTHSIDE HOSPITAL,301 EAST MAIN STREET,,,BAY SHORE,NY,11706,SUFFOLK,6319683000,13.6,No Different than U.S. National Rate,10.9,16.7,260,,12.8,No Different than U.S. National Rate,10.7,15.3,549,,13.5,No Different than U.S. National Rate,10.9,16.5,355,,21.2,No Different than U.S. National Rate,17.6,25.2,211,,24.3,No Different than U.S. National Rate,21.7,27.3,630,,18.5,No Different than U.S. National Rate,15.5,21.9,335,
20,330250,CHAMPLAIN VALLEY PHYSICIANS HOSPITAL MEDICAL CTR,75 BEEKMAN STREET,,,PLATTSBURGH,NY,12901,CLINTON,5185612000,13.7,No Different than U.S. National Rate,11.2,16.8,347,,10.0,No Different than U.S. National Rate,8.0,12.5,551,,11.1,No Different than U.S. National Rate,9.2,13.3,655,,22.7,No Different than U.S. National Rate,19.6,26.1,357,,26.8,No Different than U.S. National Rate,23.9,29.8,643,,20.7,No Different than U.S. National Rate,18.0,23.5,654,
140,330350,UNIVERSITY HOSPITAL OF BROOKLYN ( DOWNSTATE ),445 LENOX ROAD,,,BROOKLYN,NY,11203,KINGS,7182701000,13.7,No Different than U.S. National Rate,10.5,17.6,155,,9.8,No Different than U.S. National Rate,7.3,12.8,320,,11.5,No Different than U.S. National Rate,8.5,15.1,164,,23.8,Worse than U.S. National Rate,19.9,28.0,161,,30.1,Worse than U.S. National Rate,26.6,33.6,452,,20.8,No Different than U.S. National Rate,17.0,25.1,168,
143,33017F,VA NEW YORK HARBOR HEALTHCARE SYSTEM - NY DIV.,423 EAST 23RD STREET,,,NEW YORK                      ,NY,10010,NEW YORK,2126867500,13.7,No Different than U.S. National Rate,10.6,17.3,137,,7.5,Better than U.S. National Rate,5.9,9.4,511,,11.8,No Different than U.S. National Rate,9.4,14.6,341,,23.9,Worse than U.S. National Rate,19.9,28.4,188,,32.9,Worse than U.S. National Rate,29.5,36.1,668,,21.2,No Different than U.S. National Rate,18.3,24.8,370,
150,330221,WYCKOFF HEIGHTS MEDICAL CENTER,374 STOCKHOLM STREET,,,BROOKLYN,NY,11237,KINGS,7189637272,13.7,No Different than U.S. National Rate,11.1,16.8,157,,9.5,No Different than U.S. National Rate,7.1,12.3,234,,10.9,No Different than U.S. National Rate,8.3,14.2,212,,22.0,No Different than U.S. National Rate,18.0,26.5,92,,29.1,Worse than U.S. National Rate,25.1,33.2,259,,22.8,Worse than U.S. National Rate,19.0,26.8,205,
88,330049,NORTHERN DUTCHESS HOSPITAL,6511 SPRINGBROOK AVENUE,,,RHINEBECK,NY,12572,DUTCHESS,8458713391,13.8,No Different than U.S. National Rate,10.5,17.8,60,,11.8,No Different than U.S. National Rate,8.9,15.7,146,,10.9,No Different than U.S. National Rate,7.8,15.0,99,,19.5,No Different than U.S. National Rate,15.5,24.2,42,,24.9,No Different than U.S. National Rate,21.0,29.4,161,,19.6,No Different than U.S. National Rate,15.7,24.1,102,
74,330024,MOUNT SINAI HOSPITAL,ONE GUSTAVE L LEVY PLACE,,,NEW YORK,NY,10029,NEW YORK,2122417981,13.9,No Different than U.S. National Rate,11.7,16.4,415,,9.2,Better than U.S. National Rate,7.9,10.7,1156,,9.2,Better than U.S. National Rate,7.8,10.7,885,,22.8,Worse than U.S. National Rate,20.3,25.5,607,,26.8,Worse than U.S. National Rate,24.8,28.8,1508,,22.1,Worse than U.S. National Rate,19.5,24.7,872,
134,330285,STRONG MEMORIAL HOSPITAL,601 ELMWOOD AVE,,,ROCHESTER,NY,14642,MONROE,5852752121,13.9,No Different than U.S. National Rate,11.2,17.4,282,,12.5,No Different than U.S. National Rate,10.2,15.4,406,,13.1,No Different than U.S. National Rate,10.1,16.9,200,,19.1,No Different than U.S. National Rate,16.0,22.3,363,,23.8,No Different than U.S. National Rate,20.9,26.8,528,,21.1,No Different than U.S. National Rate,17.4,25.0,200,
37,330353,FOREST HILLS HOSPITAL,102 - 01 66TH ROAD,,,FOREST HILLS,NY,11375,QUEENS,7188304000,14,No Different than U.S. National Rate,11.5,16.9,166,,11.9,No Different than U.S. National Rate,9.7,14.5,350,,11.8,No Different than U.S. National Rate,10.2,13.5,693,,21.2,No Different than U.S. National Rate,17.6,25.4,107,,28.7,Worse than U.S. National Rate,25.2,32.4,365,,21.0,No Different than U.S. National Rate,18.3,23.6,644,
53,330005,KALEIDA HEALTH,726 EXCHANGE STREET, SUITE 522,,,BUFFALO,NY,14210,ERIE,7168598620,14,No Different than U.S. National Rate,11.9,16.3,685,,11.9,No Different than U.S. National Rate,10.2,13.8,1069,,12.5,No Different than U.S. National Rate,10.7,14.6,806,,22.6,Worse than U.S. National Rate,20.1,25.1,753,,26.2,No Different than U.S. National Rate,24.0,28.5,1297,,17.0,No Different than U.S. National Rate,14.9,19.4,815,
85,330030,NEWARK-WAYNE COMMUNITY HOSPITAL,111 DRIVING PARK AVENUE,,,NEWARK,NY,14513,WAYNE,3153322022,14,No Different than U.S. National Rate,10.8,17.6,57,,12.7,No Different than U.S. National Rate,9.4,16.6,143,,13.6,No Different than U.S. National Rate,10.3,17.7,169,,19.1,No Different than U.S. National Rate,15.3,23.5,35,,25.5,No Different than U.S. National Rate,21.5,30.0,159,,20.1,No Different than U.S. National Rate,16.4,24.3,163,
91,330104,NYACK HOSPITAL,160 NORTH MIDLAND AVENUE,,,NYACK,NY,10960,ROCKLAND,8453482000,14,No Different than U.S. National Rate,11.2,17.3,150,,11.4,No Different than U.S. National Rate,9.5,13.7,457,,12.4,No Different than U.S. National Rate,10.4,14.8,562,,21.3,No Different than U.S. National Rate,17.6,25.6,96,,26.8,No Different than U.S. National Rate,23.8,30.1,506,,19.0,No Different than U.S. National Rate,16.5,21.7,587,
112,330198,SOUTH NASSAU COMMUNITIES HOSPITAL,ONE HEALTHY WAY,,,OCEANSIDE,NY,11572,NASSAU,5166323000,14,No Different than U.S. National Rate,11.9,16.4,458,,10.6,No Different than U.S. National Rate,9.0,12.6,822,,11.8,No Different than U.S. National Rate,9.8,14.2,500,,19.8,No Different than U.S. National Rate,17.0,23.0,394,,26.9,No Different than U.S. National Rate,24.4,29.6,949,,20.9,No Different than U.S. National Rate,18.0,24.1,482,
19,330307,CAYUGA MEDICAL CENTER AT ITHACA,101 DATES DRIVE,,,ITHACA,NY,14850,TOMPKINS,6072744401,14.1,No Different than U.S. National Rate,11.1,17.8,136,,15.6,Worse than U.S. National Rate,12.2,19.4,220,,13.3,No Different than U.S. National Rate,10.6,16.5,326,,19.1,No Different than U.S. National Rate,15.2,23.5,93,,21.0,No Different than U.S. National Rate,17.6,25.1,244,,16.7,No Different than U.S. National Rate,13.9,19.9,333,
28,330203,CROUSE HOSPITAL,736 IRVING AVENUE,,,SYRACUSE,NY,13210,ONONDAGA,3154707449,14.1,No Different than U.S. National Rate,11.5,17.0,221,,12.4,No Different than U.S. National Rate,10.4,14.7,587,,13.9,No Different than U.S. National Rate,11.7,16.5,554,,20.3,No Different than U.S. National Rate,17.1,24.2,214,,25.7,No Different than U.S. National Rate,22.7,28.7,658,,19.7,No Different than U.S. National Rate,17.1,22.8,539,
30,330163,EASTERN NIAGARA HOSPITAL,521 EAST AVENUE,,,LOCKPORT,NY,14094,NIAGARA,7165145700,14.1,No Different than U.S. National Rate,11.2,17.8,112,,12.1,No Different than U.S. National Rate,9.2,15.6,205,,14.1,No Different than U.S. National Rate,11.2,17.5,306,,20.9,No Different than U.S. National Rate,17.1,25.4,81,,24.7,No Different than U.S. National Rate,20.8,28.9,232,,20.3,No Different than U.S. National Rate,17.0,24.1,306,
42,330286,GOOD SAMARITAN HOSPITAL MEDICAL CENTER,1000 MONTAUK HIGHWAY,,,WEST ISLIP,NY,11795,SUFFOLK,6313763000,14.1,No Different than U.S. National Rate,11.6,16.9,338,,9.6,Better than U.S. National Rate,8.1,11.4,895,,12.6,No Different than U.S. National Rate,10.7,14.7,838,,20.4,No Different than U.S. National Rate,17.1,24.1,251,,25.6,No Different than U.S. National Rate,23.4,28.3,1046,,19.0,No Different than U.S. National Rate,16.7,21.4,801,
89,330162,NORTHERN WESTCHESTER HOSPITAL,400 EAST MAIN STREET,,,MOUNT KISCO,NY,10549,WESTCHESTER,9146661200,14.1,No Different than U.S. National Rate,10.9,18.0,96,,11.0,No Different than U.S. National Rate,8.8,13.8,330,,9.2,Better than U.S. National Rate,7.2,11.6,351,,19.7,No Different than U.S. National Rate,15.8,24.2,55,,26.6,No Different than U.S. National Rate,23.0,30.5,390,,22.2,Worse than U.S. National Rate,19.0,25.8,377,
81,330055,NEW YORK HOSPITAL MEDICAL CENTER OF QUEENS,56-45 MAIN STREET,,,FLUSHING,NY,11355,QUEENS,7186701231,14.2,No Different than U.S. National Rate,11.9,16.6,398,,11.2,No Different than U.S. National Rate,9.8,12.9,1102,,13.0,No Different than U.S. National Rate,11.5,14.8,933,,21.7,No Different than U.S. National Rate,18.8,24.9,364,,27.9,Worse than U.S. National Rate,25.8,30.3,1282,,22.0,Worse than U.S. National Rate,19.4,24.4,867,
102,330231,QUEENS HOSPITAL CENTER,82-68 164TH STREET,,,JAMAICA,NY,11432,QUEENS,7188833000,14.2,No Different than U.S. National Rate,10.8,18.3,38,,10.8,No Different than U.S. National Rate,7.6,14.8,108,,10.8,No Different than U.S. National Rate,7.7,14.7,75,,Not Available,Number of Cases Too Small,Not Available,Not Available,23,number of cases is too small (fewer than 25) to reliably tell how well the hospital is performing,29.0,No Different than U.S. National Rate,24.1,34.1,132,,20.6,No Different than U.S. National Rate,16.7,25.5,74,
128,330006,ST JOSEPH'S MEDICAL CENTER,127 SOUTH BROADWAY,,,YONKERS,NY,10701,WESTCHESTER,9143787000,14.2,No Different than U.S. National Rate,10.9,18.1,62,,10.9,No Different than U.S. National Rate,8.4,14.3,210,,10.9,No Different than U.S. National Rate,8.5,13.9,205,,20.0,No Different than U.S. National Rate,15.7,24.8,41,,28.1,No Different than U.S. National Rate,23.9,32.2,225,,19.8,No Different than U.S. National Rate,16.6,23.3,209,
131,330047,ST MARY'S HOSPITAL AT AMSTERDAM,427 GUY PARK AVENUE,,,AMSTERDAM,NY,12010,MONTGOMERY,5188421900,14.2,No Different than U.S. National Rate,11.4,17.6,147,,10.6,No Different than U.S. National Rate,8.6,13.0,413,,13.3,No Different than U.S. National Rate,10.7,16.4,234,,18.4,No Different than U.S. National Rate,15.3,22.3,120,,23.3,No Different than U.S. National Rate,20.4,26.5,496,,17.5,No Different than U.S. National Rate,14.6,21.2,241,
138,330226,UNITY HOSPITAL OF ROCHESTER,1555 LONG POND ROAD,,,ROCHESTER,NY,14626,MONROE,5857237000,14.2,No Different than U.S. National Rate,11.3,17.6,170,,14.1,No Different than U.S. National Rate,11.2,17.4,311,,9.2,No Different than U.S. National Rate,6.9,12.3,249,,20.3,No Different than U.S. National Rate,16.9,24.3,149,,24.0,No Different than U.S. National Rate,20.9,27.6,391,,19.8,No Different than U.S. National Rate,16.6,23.4,252,
2,330013,ALBANY MEDICAL CENTER HOSPITAL,43 NEW SCOTLAND AVENUE,,,ALBANY,NY,12208,ALBANY,5182623125,14.3,No Different than U.S. National Rate,11.6,17.6,300,,10.7,No Different than U.S. National Rate,8.4,13.5,301,,10.0,No Different than U.S. National Rate,7.6,13.1,219,,19.4,No Different than U.S. National Rate,16.6,22.7,401,,23.4,No Different than U.S. National Rate,20.5,26.8,401,,19.6,No Different than U.S. National Rate,16.3,23.4,224,
29,330088,EASTERN LONG ISLAND HOSPITAL,201 MANOR PLACE,,,GREENPORT,NY,11944,SUFFOLK,6314771000,14.3,No Different than U.S. National Rate,10.8,18.4,40,,11.1,No Different than U.S. National Rate,8.1,14.7,105,,12.2,No Different than U.S. National Rate,8.8,16.7,118,,19.2,No Different than U.S. National Rate,14.9,24.2,30,,23.9,No Different than U.S. National Rate,19.8,29.0,117,,18.4,No Different than U.S. National Rate,14.8,22.8,114,
40,330181,GLEN COVE HOSPITAL,101 ST ANDREWS LANE,,,GLEN COVE,NY,11542,NASSAU,5166747300,14.3,No Different than U.S. National Rate,11.5,17.5,162,,12.5,No Different than U.S. National Rate,10.5,14.7,479,,11.2,No Different than U.S. National Rate,9.0,13.7,339,,20.4,No Different than U.S. National Rate,16.9,24.4,107,,26.8,No Different than U.S. National Rate,23.7,29.9,538,,17.4,No Different than U.S. National Rate,14.5,20.7,313,
71,330259,MERCY MEDICAL CENTER,1000 NORTH VILLAGE AVENUE,,,ROCKVILLE CENTRE,NY,11570,NASSAU,5167052525,14.3,No Different than U.S. National Rate,11.3,17.8,99,,11.8,No Different than U.S. National Rate,9.2,14.7,305,,15.3,Worse than U.S. National Rate,12.5,18.8,265,,21.3,No Different than U.S. National Rate,17.5,25.8,62,,28.5,Worse than U.S. National Rate,25.0,32.5,334,,19.1,No Different than U.S. National Rate,16.0,22.7,247,
95,330218,OSWEGO HOSPITAL,110 WEST SIXTH STREET,,,OSWEGO,NY,13126,OSWEGO,3153495511,14.3,No Different than U.S. National Rate,11.3,17.9,137,,12.0,No Different than U.S. National Rate,9.5,15.1,247,,13.5,No Different than U.S. National Rate,11.0,16.6,365,,19.0,No Different than U.S. National Rate,15.5,23.1,86,,25.0,No Different than U.S. National Rate,21.5,29.1,256,,19.2,No Different than U.S. National Rate,16.4,22.8,354,
147,330167,WINTHROP-UNIVERSITY HOSPITAL,259 FIRST STREET,,,MINEOLA,NY,11501,NASSAU,5166630333,14.3,No Different than U.S. National Rate,12.0,16.9,473,,11.2,No Different than U.S. National Rate,9.6,13.0,978,,12.3,No Different than U.S. National Rate,10.6,14.3,764,,21.2,No Different than U.S. National Rate,18.5,24.1,546,,26.2,No Different than U.S. National Rate,23.9,28.6,1188,,19.2,No Different than U.S. National Rate,16.9,21.8,755,
76,330086,MOUNT VERNON HOSPITAL,12 NORTH 7TH AVENUE,,,MOUNT VERNON,NY,10550,WESTCHESTER,9146648000,14.4,No Different than U.S. National Rate,11.0,18.4,49,,12.0,No Different than U.S. National Rate,9.1,15.9,134,,12.2,No Different than U.S. National Rate,8.6,17.0,65,,18.2,No Different than U.S. National Rate,14.2,22.6,32,,24.5,No Different than U.S. National Rate,20.5,28.9,148,,19.7,No Different than U.S. National Rate,15.6,24.4,63,
4,330084,ALICE HYDE MEDICAL CENTER,133 PARK STREET,,,MALONE,NY,12953,FRANKLIN,5184833000,14.5,No Different than U.S. National Rate,10.9,19.2,43,,12.9,No Different than U.S. National Rate,9.3,17.3,81,,13.1,No Different than U.S. National Rate,9.9,17.2,144,,Not Available,Number of Cases Too Small,Not Available,Not Available,18,number of cases is too small (fewer than 25) to reliably tell how well the hospital is performing,26.3,No Different than U.S. National Rate,21.9,31.1,91,,18.7,No Different than U.S. National Rate,15.3,22.9,149,
41,330191,GLENS FALLS HOSPITAL,100 PARK STREET,,,GLENS FALLS,NY,12801,WARREN,5189261000,14.5,No Different than U.S. National Rate,12.0,17.3,328,,9.9,No Different than U.S. National Rate,8.1,12.2,489,,10.4,No Different than U.S. National Rate,8.4,12.6,524,,20.5,No Different than U.S. National Rate,17.5,23.9,268,,27.2,No Different than U.S. National Rate,24.1,30.4,565,,17.8,No Different than U.S. National Rate,15.5,20.7,521,
98,330002,PENINSULA HOSPITAL CENTER,51-15 BEACH CHANNEL DRIVE,,,FAR ROCKAWAY,NY,11691,QUEENS,7187342000,14.5,No Different than U.S. National Rate,10.9,18.8,25,,12.4,No Different than U.S. National Rate,9.3,16.3,146,,10.3,No Different than U.S. National Rate,7.8,13.5,184,,Not Available,Number of Cases Too Small,Not Available,Not Available,15,number of cases is too small (fewer than 25) to reliably tell how well the hospital is performing,22.6,No Different than U.S. National Rate,19.1,26.8,163,,19.5,No Different than U.S. National Rate,16.0,23.4,178,
111,330184,SOUND SHORE MEDICAL CENTER OF WESTSCHESTER,16 GUION PLACE,,,NEW ROCHELLE,NY,10802,WESTCHESTER,9146325000,14.5,No Different than U.S. National Rate,11.9,17.6,198,,13.1,No Different than U.S. National Rate,10.6,16.1,369,,12.2,No Different than U.S. National Rate,9.4,15.5,225,,21.8,No Different than U.S. National Rate,18.0,26.0,129,,27.9,No Different than U.S. National Rate,24.6,31.2,453,,19.8,No Different than U.S. National Rate,16.2,23.7,211,
113,330340,SOUTHAMPTON HOSPITAL,240 MEETING HOUSE LANE,,,SOUTHAMPTON,NY,11968,SUFFOLK,5167268200,14.5,No Different than U.S. National Rate,11.1,18.4,87,,12.7,No Different than U.S. National Rate,9.9,16.2,176,,10.3,No Different than U.S. National Rate,8.1,12.8,386,,19.8,No Different than U.S. National Rate,15.9,24.2,35,,27.0,No Different than U.S. National Rate,23.1,31.2,214,,19.3,No Different than U.S. National Rate,16.7,22.5,397,
120,330067,ST FRANCIS HOSPITAL,241 NORTH ROAD,,,POUGHKEEPSIE,NY,12601,DUTCHESS,8454835000,14.5,No Different than U.S. National Rate,11.1,18.5,60,,11.1,No Different than U.S. National Rate,8.2,14.7,130,,11.8,No Different than U.S. National Rate,8.7,15.5,203,,21.8,No Different than U.S. National Rate,17.4,26.8,44,,29.1,No Different than U.S. National Rate,24.1,33.9,133,,20.6,No Different than U.S. National Rate,17.0,24.7,202,
38,330372,FRANKLIN HOSPITAL,900 FRANKLIN AVENUE,,,VALLEY STREAM,NY,11580,NASSAU,5162566000,14.6,No Different than U.S. National Rate,11.6,18.2,102,,12.2,No Different than U.S. National Rate,10.0,14.6,400,,11.7,No Different than U.S. National Rate,9.4,14.3,319,,20.5,No Different than U.S. National Rate,16.8,25.0,57,,26.0,No Different than U.S. National Rate,22.6,29.5,434,,20.7,No Different than U.S. National Rate,17.3,24.2,300,
44,330240,HARLEM HOSPITAL CENTER,506 LENOX AVENUE,,,NEW YORK,NY,10037,NEW YORK,2124918400,14.6,No Different than U.S. National Rate,10.9,19.2,25,,11.1,No Different than U.S. National Rate,7.6,15.6,54,,12.2,No Different than U.S. National Rate,8.5,17.0,49,,Not Available,Number of Cases Too Small,Not Available,Not Available,22,number of cases is too small (fewer than 25) to reliably tell how well the hospital is performing,28.6,No Different than U.S. National Rate,23.5,34.3,75,,19.3,No Different than U.S. National Rate,15.2,24.4,51,
132,330057,ST PETER'S HOSPITAL,315 SOUTH MANNING BOULEVARD,,,ALBANY,NY,12208,ALBANY,5185251550,14.6,No Different than U.S. National Rate,12.3,17.1,521,,11.3,No Different than U.S. National Rate,9.6,13.1,673,,9.2,Better than U.S. National Rate,7.8,11.0,712,,19.9,No Different than U.S. National Rate,17.4,22.7,660,,22.9,No Different than U.S. National Rate,20.4,25.5,796,,19.9,No Different than U.S. National Rate,17.6,22.7,712,
12,330009,BRONX-LEBANON HOSPITAL CENTER,1276 FULTON AVENUE,,,BRONX,NY,10456,BRONX,2125887000,14.7,No Different than U.S. National Rate,11.3,19.0,60,,10.3,No Different than U.S. National Rate,7.7,13.5,164,,10.5,No Different than U.S. National Rate,7.6,14.2,134,,20.7,No Different than U.S. National Rate,16.8,25.2,42,,27.3,No Different than U.S. National Rate,23.3,31.7,182,,24.8,Worse than U.S. National Rate,20.2,29.8,133,
46,330267,HUDSON VALLEY HOSPITAL CENTER,1980 CROMPOND ROAD,,,CORTLANDT MANOR,NY,10567,WESTCHESTER,9147343611,14.7,No Different than U.S. National Rate,12.1,17.6,230,,11.6,No Different than U.S. National Rate,9.6,13.9,417,,10.8,No Different than U.S. National Rate,8.5,13.7,287,,20.7,No Different than U.S. National Rate,17.2,24.2,165,,26.7,No Different than U.S. National Rate,23.5,30.1,449,,20.8,No Different than U.S. National Rate,17.6,24.3,290,
56,330201,KINGSBROOK JEWISH MEDICAL CENTER,585 SCHENECTADY AVENUE,,,BROOKLYN,NY,11203,KINGS,7186045789,14.7,No Different than U.S. National Rate,11.3,18.6,32,,7.0,Better than U.S. National Rate,5.2,9.2,214,,10.3,No Different than U.S. National Rate,8.1,12.9,226,,Not Available,Number of Cases Too Small,Not Available,Not Available,22,number of cases is too small (fewer than 25) to reliably tell how well the hospital is performing,28.3,No Different than U.S. National Rate,24.7,32.0,258,,21.7,No Different than U.S. National Rate,18.3,25.3,216,
43,330158,GOOD SAMARITAN HOSPITAL OF SUFFERN,255 LAFAYETTE AVENUE,,,SUFFERN,NY,10901,ROCKLAND,9143685000,14.8,No Different than U.S. National Rate,12.5,17.5,465,,9.4,No Different than U.S. National Rate,7.5,11.7,465,,10.5,No Different than U.S. National Rate,8.2,13.2,345,,20.4,No Different than U.S. National Rate,17.7,23.5,523,,26.3,No Different than U.S. National Rate,23.3,29.3,605,,18.9,No Different than U.S. National Rate,16.1,22.0,352,
50,330014,JAMAICA HOSPITAL MEDICAL CENTER,89TH AVENUE AND VAN WYCK EXPRESSWAY,,,JAMAICA,NY,11418,QUEENS,7182626000,14.8,No Different than U.S. National Rate,12.2,17.8,323,,12.0,No Different than U.S. National Rate,9.4,15.0,334,,12.9,No Different than U.S. National Rate,10.0,16.5,162,,25.8,Worse than U.S. National Rate,21.5,30.1,199,,26.5,No Different than U.S. National Rate,23.0,30.3,393,,20.3,No Different than U.S. National Rate,16.6,24.6,169,
96,330011,OUR LADY OF LOURDES MEMORIAL HOSPITAL, INC,169 RIVERSIDE DRIVE,,,BINGHAMTON,NY,13905,BROOME,6077985111,14.8,No Different than U.S. National Rate,12.3,17.9,233,,13.1,No Different than U.S. National Rate,10.9,15.8,472,,13.9,No Different than U.S. National Rate,11.6,16.4,581,,20.1,No Different than U.S. National Rate,16.8,23.9,182,,24.3,No Different than U.S. National Rate,21.4,27.5,552,,17.9,No Different than U.S. National Rate,15.5,20.7,613,
136,330394,UNITED HEALTH SERVICES HOSPITALS, INC,33-57 HARRISON STREET,,,JOHNSON CITY,NY,13790,BROOME,6077636000,14.8,No Different than U.S. National Rate,12.6,17.4,541,,15.5,Worse than U.S. National Rate,13.4,18.0,700,,13.7,No Different than U.S. National Rate,11.6,16.0,698,,18.8,No Different than U.S. National Rate,16.4,21.5,598,,23.8,No Different than U.S. National Rate,21.2,26.6,815,,17.5,No Different than U.S. National Rate,15.3,20.1,704,
54,330102,KENMORE MERCY HOSPITAL,2950 ELMWOOD AVENUE,,,KENMORE,NY,14217,ERIE,7164476100,14.9,No Different than U.S. National Rate,11.8,18.5,112,,11.0,No Different than U.S. National Rate,8.7,13.7,278,,13.7,No Different than U.S. National Rate,10.1,18.1,115,,20.3,No Different than U.S. National Rate,16.6,24.9,84,,22.2,No Different than U.S. National Rate,18.9,26.2,321,,20.2,No Different than U.S. National Rate,16.1,25.1,112,
61,330213,LEWIS COUNTY GENERAL HOSPITAL,7785 NORTH STATE STREET,,,LOWVILLE,NY,13367,LEWIS,3153765200,15,No Different than U.S. National Rate,11.4,19.3,27,,12.3,No Different than U.S. National Rate,8.8,17.2,65,,10.3,No Different than U.S. National Rate,7.3,14.1,111,,Not Available,Number of Cases Too Small,Not Available,Not Available,19,number of cases is too small (fewer than 25) to reliably tell how well the hospital is performing,23.3,No Different than U.S. National Rate,18.9,28.4,71,,17.2,No Different than U.S. National Rate,13.7,21.5,111,
127,330108,ST JOSEPH'S HOSPITAL, INC,555 EAST MARKET STREET,,,ELMIRA,NY,14902,CHEMUNG,6077336541,15,No Different than U.S. National Rate,11.5,19.2,59,,10.3,No Different than U.S. National Rate,7.8,13.6,152,,11.3,No Different than U.S. National Rate,9.0,13.9,355,,18.8,No Different than U.S. National Rate,15.0,23.2,47,,22.9,No Different than U.S. National Rate,19.2,27.1,166,,20.8,No Different than U.S. National Rate,17.5,24.0,355,
142,33012F,UPSTATE NEW YORK VA HEALTHCARE SYSTEM (WESTERN NY VA HEALTHCARE SYSTEM),3495 BAILEY AVENUE,,,BUFFALO                       ,NY,14215,ERIE,7168623611,15,No Different than U.S. National Rate,11.8,18.8,152,,12.1,No Different than U.S. National Rate,9.7,15.2,352,,13.7,No Different than U.S. National Rate,11.1,16.8,351,,19.5,No Different than U.S. National Rate,16.0,23.4,162,,25.7,No Different than U.S. National Rate,22.4,29.1,414,,21.2,No Different than U.S. National Rate,17.9,24.7,355,
23,330094,COLUMBIA MEMORIAL HOSPITAL,71 PROSPECT AVENUE,,,HUDSON,NY,12534,COLUMBIA,5188287601,15.1,No Different than U.S. National Rate,12.2,18.4,171,,12.6,No Different than U.S. National Rate,10.2,15.6,329,,11.4,No Different than U.S. National Rate,9.0,14.4,305,,19.4,No Different than U.S. National Rate,16.1,23.4,133,,24.3,No Different than U.S. National Rate,21.1,27.9,386,,19.0,No Different than U.S. National Rate,16.1,22.3,340,
83,330316,NEW YORK WESTCHESTER SQUARE MEDICAL CENTER,2475 ST RAYMOND AVENUE,,,BRONX,NY,10461,BRONX,7184307300,15.1,No Different than U.S. National Rate,11.9,19.3,61,,9.2,No Different than U.S. National Rate,7.0,11.7,254,,13.5,No Different than U.S. National Rate,10.7,16.7,251,,20.2,No Different than U.S. National Rate,16.3,24.9,36,,28.4,No Different than U.S. National Rate,24.5,32.3,273,,22.1,No Different than U.S. National Rate,18.3,25.8,233,
97,330107,PECONIC BAY MEDICAL CENTER,1300 ROANOKE AVENUE,,,RIVERHEAD,NY,11901,SUFFOLK,6315486000,15.2,No Different than U.S. National Rate,11.9,19.1,148,,11.6,No Different than U.S. National Rate,9.3,14.2,344,,12.7,No Different than U.S. National Rate,9.8,16.1,231,,20.2,No Different than U.S. National Rate,16.5,24.5,74,,22.0,No Different than U.S. National Rate,19.0,25.4,394,,19.6,No Different than U.S. National Rate,16.3,23.3,227,
100,330331,PLAINVIEW HOSPITAL,888 OLD COUNTRY ROAD,,,PLAINVIEW,NY,11803,NASSAU,5167193000,15.2,No Different than U.S. National Rate,12.5,18.3,206,,13.2,No Different than U.S. National Rate,11.2,15.5,641,,10.9,No Different than U.S. National Rate,8.9,13.1,500,,21.8,No Different than U.S. National Rate,18.3,25.6,143,,26.4,No Different than U.S. National Rate,23.7,29.4,703,,18.8,No Different than U.S. National Rate,16.1,21.8,483,
101,330273,PUTNAM HOSPITAL CENTER,670 STONELEIGH AVENUE,,,CARMEL,NY,10512,PUTNAM,9142795711,15.2,No Different than U.S. National Rate,12.1,18.8,112,,10.1,No Different than U.S. National Rate,8.1,12.6,385,,9.9,No Different than U.S. National Rate,7.6,12.7,286,,21.1,No Different than U.S. National Rate,17.3,25.6,73,,29.6,Worse than U.S. National Rate,26.1,33.2,433,,19.3,No Different than U.S. National Rate,16.1,22.7,295,
109,330232,SETON HEALTH SYSTEM-ST MARY'S CAMPUS,1300 MASSACHUSETTS AVENUE,,,TROY,NY,12180,RENSSELAER,5182725000,15.2,No Different than U.S. National Rate,11.8,19.3,67,,12.5,No Different than U.S. National Rate,9.8,15.7,265,,13.1,No Different than U.S. National Rate,10.1,17.0,194,,19.8,No Different than U.S. National Rate,15.9,24.2,50,,26.7,No Different than U.S. National Rate,23.0,30.6,300,,17.4,No Different than U.S. National Rate,14.3,21.3,188,
110,330078,SISTERS OF CHARITY HOSPITAL,2157 MAIN STREET,,,BUFFALO,NY,14214,ERIE,7168621000,15.2,No Different than U.S. National Rate,12.4,18.7,136,,9.9,No Different than U.S. National Rate,8.0,12.6,413,,9.5,No Different than U.S. National Rate,7.1,12.7,244,,20.0,No Different than U.S. National Rate,16.4,24.1,101,,26.9,No Different than U.S. National Rate,23.7,30.5,481,,18.4,No Different than U.S. National Rate,15.2,22.2,250,
119,330245,ST ELIZABETH MEDICAL CENTER,2209 GENESEE STREET,,,UTICA,NY,13501,ONEIDA,3157988100,15.2,No Different than U.S. National Rate,12.3,18.7,255,,13.7,No Different than U.S. National Rate,11.6,16.0,678,,10.5,No Different than U.S. National Rate,8.5,12.8,521,,21.7,No Different than U.S. National Rate,18.4,25.5,296,,25.6,No Different than U.S. National Rate,23.1,28.1,900,,20.1,No Different than U.S. National Rate,17.6,22.9,530,
135,33024F,SYRACUSE VA MEDICAL CENTER,800 IRVING AVE.,,,SYRACUSE                      ,NY,13210,ONONDAGA,3154254400,15.2,No Different than U.S. National Rate,11.7,19.7,79,,12.7,No Different than U.S. National Rate,10.0,16.2,267,,12.3,No Different than U.S. National Rate,9.9,15.5,334,,22.1,No Different than U.S. National Rate,17.7,27.2,76,,26.3,No Different than U.S. National Rate,22.9,30.1,320,,22.4,Worse than U.S. National Rate,19.0,25.7,352,
57,330004,KINGSTON HOSPITAL,396 BROADWAY,,,KINGSTON,NY,12401,ULSTER,9143313131,15.4,No Different than U.S. National Rate,12.3,18.9,166,,12.9,No Different than U.S. National Rate,10.4,15.9,370,,12.2,No Different than U.S. National Rate,9.8,15.1,369,,21.9,No Different than U.S. National Rate,18.0,26.1,117,,25.2,No Different than U.S. National Rate,22.0,28.8,423,,21.3,No Different than U.S. National Rate,18.2,24.7,362,
115,330205,ST ANTHONY COMMUNITY HOSPITAL,15 - 19  MAPLE AVENUE,,,WARWICK,NY,10990,ORANGE,8459862276,15.4,No Different than U.S. National Rate,11.8,19.7,48,,9.8,No Different than U.S. National Rate,7.3,12.9,159,,9.8,No Different than U.S. National Rate,7.3,13.0,189,,18.7,No Different than U.S. National Rate,14.7,23.2,36,,24.8,No Different than U.S. National Rate,21.1,29.0,193,,18.4,No Different than U.S. National Rate,15.3,22.2,192,
118,330246,ST CHARLES HOSPITAL,200 BELLE TERRE ROAD,,,PORT JEFFERSON,NY,11777,SUFFOLK,6314746000,15.4,No Different than U.S. National Rate,11.9,19.5,37,,8.8,No Different than U.S. National Rate,6.4,11.9,140,,13.2,No Different than U.S. National Rate,10.1,17.1,153,,Not Available,Number of Cases Too Small,Not Available,Not Available,21,number of cases is too small (fewer than 25) to reliably tell how well the hospital is performing,24.5,No Different than U.S. National Rate,20.8,28.7,170,,20.4,No Different than U.S. National Rate,16.6,24.6,144,
122,330151,ST JAMES MERCY HOSPITAL,411 CANISTEO STREET,,,HORNELL,NY,14843,STEUBEN,6073248000,15.4,No Different than U.S. National Rate,11.8,19.5,38,,12.0,No Different than U.S. National Rate,8.4,16.3,69,,11.5,No Different than U.S. National Rate,8.7,15.0,193,,20.2,No Different than U.S. National Rate,16.3,24.8,31,,22.7,No Different than U.S. National Rate,18.6,27.7,75,,22.2,No Different than U.S. National Rate,18.4,26.1,217,
1,330079,ADIRONDACK MEDICAL CENTER,2233 STATE ROUTE 86,,,SARANAC LAKE,NY,12983,FRANKLIN,5188914141,15.5,No Different than U.S. National Rate,12.2,19.5,70,,10.8,No Different than U.S. National Rate,8.1,14.3,117,,10.9,No Different than U.S. National Rate,8.0,14.8,125,,19.7,No Different than U.S. National Rate,15.9,24.3,49,,24.5,No Different than U.S. National Rate,20.3,29.3,128,,19.8,No Different than U.S. National Rate,16.1,24.2,122,
58,330037,LAKESIDE MEMORIAL HOSPITAL,156 WEST AVENUE,,,BROCKPORT,NY,14420,MONROE,5856373131,15.5,No Different than U.S. National Rate,11.5,20.5,34,,12.2,No Different than U.S. National Rate,8.8,16.6,99,,11.4,No Different than U.S. National Rate,8.0,15.6,106,,19.0,No Different than U.S. National Rate,15.2,23.9,26,,26.4,No Different than U.S. National Rate,21.8,31.6,113,,18.5,No Different than U.S. National Rate,14.8,22.7,116,
68,330223,MASSENA MEMORIAL HOSPITAL,1 HOSPITAL DRIVE,,,MASSENA,NY,13662,SAINT LAWRENCE,3157641711,15.5,No Different than U.S. National Rate,11.6,19.9,47,,14.7,No Different than U.S. National Rate,11.2,18.6,193,,15.7,No Different than U.S. National Rate,11.9,20.2,185,,Not Available,Number of Cases Too Small,Not Available,Not Available,18,number of cases is too small (fewer than 25) to reliably tell how well the hospital is performing,23.6,No Different than U.S. National Rate,20.0,27.7,219,,22.4,No Different than U.S. National Rate,18.4,26.8,186,
80,330064,NEW YORK DOWNTOWN HOSPITAL,170 WILLIAM STREET,,,NEW YORK,NY,10038,NEW YORK,2123125000,15.5,No Different than U.S. National Rate,12.3,19.1,68,,11.5,No Different than U.S. National Rate,8.8,15.0,165,,14.8,Worse than U.S. National Rate,12.2,17.8,301,,19.8,No Different than U.S. National Rate,16.0,24.2,32,,28.0,No Different than U.S. National Rate,23.8,32.9,182,,20.9,No Different than U.S. National Rate,17.4,24.7,283,
123,330395,ST JOHN'S EPISCOPAL HOSPITAL AT SOUTH SHORE,327 BEACH 19TH STREET,,,FAR ROCKAWAY,NY,11691,QUEENS,7188697000,15.5,No Different than U.S. National Rate,11.8,19.6,58,,12.0,No Different than U.S. National Rate,9.2,15.4,165,,11.2,No Different than U.S. National Rate,8.6,14.4,198,,21.6,No Different than U.S. National Rate,17.5,26.2,35,,28.0,No Different than U.S. National Rate,23.9,32.7,167,,22.5,Worse than U.S. National Rate,18.7,26.3,187,
151,330008,WYOMING COUNTY COMMUNITY HOSPITAL,400 NORTH MAIN STREET,,,WARSAW,NY,14569,WYOMING,5857862233,15.5,No Different than U.S. National Rate,11.7,20.1,25,,11.5,No Different than U.S. National Rate,8.3,15.6,74,,14.0,No Different than U.S. National Rate,10.5,18.3,114,,Not Available,Number of Cases Too Small,Not Available,Not Available,18,number of cases is too small (fewer than 25) to reliably tell how well the hospital is performing,24.4,No Different than U.S. National Rate,20.3,29.2,90,,18.5,No Different than U.S. National Rate,14.9,23.0,109,
22,330211,CLAXTON-HEPBURN MEDICAL CENTER,214 KING STREET,,,OGDENSBURG,NY,13669,SAINT LAWRENCE,3153933600,15.6,No Different than U.S. National Rate,12.1,19.6,60,,10.5,No Different than U.S. National Rate,7.8,14.1,129,,12.4,No Different than U.S. National Rate,9.4,15.9,167,,20.0,No Different than U.S. National Rate,15.9,24.5,41,,25.5,No Different than U.S. National Rate,21.5,30.3,134,,18.5,No Different than U.S. National Rate,15.2,22.4,180,
26,330277,CORNING HOSPITAL,176 DENISON PARKWAY EAST,,,CORNING,NY,14830,STEUBEN,6079377200,15.6,No Different than U.S. National Rate,12.1,19.4,50,,10.9,No Different than U.S. National Rate,8.6,13.7,273,,10.7,No Different than U.S. National Rate,8.3,13.7,242,,21.6,No Different than U.S. National Rate,17.3,26.7,29,,26.5,No Different than U.S. National Rate,22.9,30.4,317,,19.9,No Different than U.S. National Rate,16.4,23.7,247,
79,330019,NEW YORK COMMUNITY HOSPITAL OF BROOKLYN, INC.,2525 KINGS HIGHWAY,,,BROOKLYN,NY,11229,KINGS,7186925302,15.6,No Different than U.S. National Rate,12.8,18.8,173,,10.3,No Different than U.S. National Rate,8.4,12.6,551,,11.9,No Different than U.S. National Rate,9.6,14.8,275,,23.1,No Different than U.S. National Rate,19.2,27.0,112,,27.3,No Different than U.S. National Rate,24.5,30.3,620,,23.4,Worse than U.S. National Rate,19.6,27.1,253,
103,330028,RICHMOND UNIVERSITY MEDICAL CENTER,355 BARD AVENUE,,,STATEN ISLAND,NY,10304,RICHMOND,7188181234,15.6,No Different than U.S. National Rate,12.6,19.2,124,,10.9,No Different than U.S. National Rate,8.1,14.5,184,,13.5,No Different than U.S. National Rate,10.7,17.2,247,,20.1,No Different than U.S. National Rate,16.4,24.4,76,,26.7,No Different than U.S. National Rate,23.0,31.0,217,,19.4,No Different than U.S. National Rate,16.4,22.9,232,
129,330264,ST LUKE'S CORNWALL HOSPITAL,70 DUBOIS STREET,,,NEWBURGH,NY,12550,ORANGE,8455614400,15.6,No Different than U.S. National Rate,13.1,18.5,327,,9.6,No Different than U.S. National Rate,7.8,11.6,604,,11.9,No Different than U.S. National Rate,9.8,14.3,477,,21.6,No Different than U.S. National Rate,18.3,25.0,250,,26.6,No Different than U.S. National Rate,23.8,29.4,698,,20.6,No Different than U.S. National Rate,17.8,23.4,488,
27,330175,CORTLAND REGIONAL MEDICAL CENTER, INC,134 HOMER AVENUE,,,CORTLAND,NY,13045,CORTLAND,6077563500,15.7,No Different than U.S. National Rate,12.2,19.6,61,,10.4,No Different than U.S. National Rate,8.1,13.0,218,,10.1,No Different than U.S. National Rate,8.2,12.3,421,,19.5,No Different than U.S. National Rate,15.4,24.0,25,,27.9,No Different than U.S. National Rate,24.0,32.0,239,,19.2,No Different than U.S. National Rate,16.6,22.2,454,
33,330219,ERIE COUNTY MEDICAL CENTER,462 GRIDER STREET,,,BUFFALO,NY,14215,ERIE,7168983936,15.7,No Different than U.S. National Rate,12.2,20.2,117,,9.6,No Different than U.S. National Rate,6.9,13.1,150,,12.1,No Different than U.S. National Rate,8.6,16.6,74,,19.3,No Different than U.S. National Rate,15.4,24.0,114,,25.4,No Different than U.S. National Rate,21.5,29.6,188,,18.4,No Different than U.S. National Rate,14.8,22.8,72,
70,330279,MERCY HOSPITAL,565 ABBOTT ROAD,,,BUFFALO,NY,14220,ERIE,7168267000,15.7,No Different than U.S. National Rate,13.0,18.7,317,,11.2,No Different than U.S. National Rate,9.0,13.8,454,,12.1,No Different than U.S. National Rate,9.3,15.6,220,,18.4,No Different than U.S. National Rate,15.6,21.5,356,,22.6,No Different than U.S. National Rate,19.8,25.7,540,,17.9,No Different than U.S. National Rate,14.7,21.8,210,
6,330235,AUBURN COMMUNITY HOSPITAL,17 LANSING STREET,,,AUBURN,NY,13021,CAYUGA,3152557011,15.8,No Different than U.S. National Rate,12.8,19.2,145,,14.1,No Different than U.S. National Rate,11.6,16.9,428,,11.7,No Different than U.S. National Rate,9.5,14.3,431,,21.4,No Different than U.S. National Rate,17.7,25.4,103,,24.5,No Different than U.S. National Rate,21.5,27.9,464,,18.9,No Different than U.S. National Rate,16.1,22.1,443,
52,330096,JONES MEMORIAL HOSPITAL,191 NORTH MAIN STREET,,,WELLSVILLE,NY,14895,ALLEGANY,5855931100,15.8,No Different than U.S. National Rate,12.2,20.3,32,,12.8,No Different than U.S. National Rate,9.7,16.6,139,,14.2,No Different than U.S. National Rate,10.8,18.7,132,,Not Available,Number of Cases Too Small,Not Available,Not Available,22,number of cases is too small (fewer than 25) to reliably tell how well the hospital is performing,24.4,No Different than U.S. National Rate,20.6,28.7,158,,17.5,No Different than U.S. National Rate,14.0,21.7,125,
63,330225,LONG BEACH MEDICAL CENTER,455 EAST BAY DRIVE,,,LONG BEACH,NY,11561,NASSAU,5168971000,15.8,No Different than U.S. National Rate,12.5,19.3,34,,12.8,No Different than U.S. National Rate,9.9,16.1,203,,12.3,No Different than U.S. National Rate,9.8,15.4,244,,Not Available,Number of Cases Too Small,Not Available,Not Available,22,number of cases is too small (fewer than 25) to reliably tell how well the hospital is performing,28.0,No Different than U.S. National Rate,23.9,32.0,219,,20.0,No Different than U.S. National Rate,16.7,23.8,223,
82,330236,NEW YORK METHODIST HOSPITAL,506 SIXTH STREET,,,BROOKLYN,NY,11215,KINGS,7187803000,15.8,No Different than U.S. National Rate,13.1,18.9,268,,10.2,No Different than U.S. National Rate,8.5,12.2,751,,10.4,No Different than U.S. National Rate,8.5,12.4,528,,23.3,Worse than U.S. National Rate,19.8,27.0,256,,29.5,Worse than U.S. National Rate,27.0,32.4,921,,21.5,No Different than U.S. National Rate,18.5,24.4,515,
124,330208,ST JOHN'S RIVERSIDE HOSPITAL,976 NORTH BROADWAY,,,YONKERS,NY,10701,WESTCHESTER,9149644444,15.8,No Different than U.S. National Rate,12.5,19.8,104,,10.1,No Different than U.S. National Rate,8.1,12.3,545,,9.4,Better than U.S. National Rate,7.3,11.9,411,,21.8,No Different than U.S. National Rate,17.8,26.0,57,,27.3,No Different than U.S. National Rate,24.2,30.5,590,,21.0,No Different than U.S. National Rate,17.8,24.4,408,
133,330160,STATEN ISLAND UNIVERSITY HOSPITAL,475 SEAVIEW AVENUE,,,STATEN ISLAND,NY,10305,RICHMOND,7182269000,15.8,No Different than U.S. National Rate,13.5,18.4,488,,9.9,No Different than U.S. National Rate,8.2,11.8,701,,12.7,No Different than U.S. National Rate,10.7,15.0,557,,19.5,No Different than U.S. National Rate,16.9,22.2,469,,24.0,No Different than U.S. National Rate,21.6,26.7,816,,19.5,No Different than U.S. National Rate,16.9,22.1,537,
18,330386,CATSKILL REGIONAL MEDICAL CENTER,68 HARRIS BUSHVILLE ROAD,,,HARRIS,NY,12742,SULLIVAN,8457943300,15.9,No Different than U.S. National Rate,12.6,20.0,76,,11.9,No Different than U.S. National Rate,9.1,15.3,180,,11.4,No Different than U.S. National Rate,8.9,14.8,224,,19.9,No Different than U.S. National Rate,16.0,24.4,39,,23.8,No Different than U.S. National Rate,20.1,28.0,192,,21.0,No Different than U.S. National Rate,17.6,24.7,235,
75,330188,MOUNT ST MARY'S HOSPITAL AND  HEALTH CENTER,5300 MILITARY ROAD,,,LEWISTON,NY,14092,NIAGARA,7162974800,15.9,No Different than U.S. National Rate,13.1,19.2,149,,10.0,No Different than U.S. National Rate,7.7,12.7,275,,11.9,No Different than U.S. National Rate,9.2,15.4,207,,16.8,No Different than U.S. National Rate,13.7,20.6,127,,23.0,No Different than U.S. National Rate,19.8,26.7,321,,18.2,No Different than U.S. National Rate,14.9,21.8,202,
10,330169,BETH ISRAEL MEDICAL CENTER,FIRST AVENUE AT 16TH STREET,,,NEW YORK,NY,10003,NEW YORK,2124202000,16,No Different than U.S. National Rate,13.9,18.3,581,,10.6,No Different than U.S. National Rate,9.2,12.1,1220,,11.2,No Different than U.S. National Rate,9.7,12.9,1022,,22.1,No Different than U.S. National Rate,19.4,25.0,509,,29.1,Worse than U.S. National Rate,26.8,31.3,1449,,21.5,Worse than U.S. National Rate,19.2,23.8,987,
14,330141,BROOKHAVEN MEMORIAL HOSPITAL MEDICAL CENTER,101 HOSPITAL ROAD,,,PATCHOGUE,NY,11772,SUFFOLK,6316547100,16,No Different than U.S. National Rate,13.6,18.6,386,,10.0,No Different than U.S. National Rate,8.3,11.9,660,,11.1,No Different than U.S. National Rate,9.4,13.0,770,,21.6,No Different than U.S. National Rate,18.6,24.8,245,,29.1,Worse than U.S. National Rate,26.2,31.8,746,,22.8,Worse than U.S. National Rate,20.3,25.1,760,
21,330033,CHENANGO MEMORIAL HOSPITAL, INC,179 NORTH BROAD STREET,,,NORWICH,NY,13815,CHENANGO,6073354111,16,No Different than U.S. National Rate,12.7,19.8,78,,10.9,No Different than U.S. National Rate,8.0,14.7,128,,13.0,No Different than U.S. National Rate,9.8,17.3,152,,20.2,No Different than U.S. National Rate,16.4,24.6,63,,23.5,No Different than U.S. National Rate,19.4,28.5,130,,17.0,No Different than U.S. National Rate,13.6,21.1,142,
47,330045,HUNTINGTON HOSPITAL,270 PARK AVENUE,,,HUNTINGTON,NY,11743,SUFFOLK,6313512000,16,No Different than U.S. National Rate,13.4,19.2,283,,10.8,No Different than U.S. National Rate,9.2,12.5,877,,11.2,No Different than U.S. National Rate,9.4,13.3,717,,18.6,No Different than U.S. National Rate,15.5,22.3,202,,25.1,No Different than U.S. National Rate,22.9,27.7,1016,,19.1,No Different than U.S. National Rate,16.7,21.6,692,
90,33019F,NORTHPORT VA MEDICAL CENTER,79 MIDDLEVILLE ROAD,,,NORTHPORT                     ,NY,11768,SUFFOLK,5162614400,16,No Different than U.S. National Rate,12.0,20.8,36,,10.9,No Different than U.S. National Rate,8.4,14.3,245,,12.2,No Different than U.S. National Rate,9.5,15.7,231,,20.6,No Different than U.S. National Rate,16.5,25.8,31,,26.0,No Different than U.S. National Rate,22.5,29.9,307,,21.1,No Different than U.S. National Rate,17.5,25.1,237,
7,330085,AURELIA OSBORN FOX MEMORIAL HOSPITAL,ONE NORTON AVENUE,,,ONEONTA,NY,13820,OTSEGO,6074232000,16.1,No Different than U.S. National Rate,12.8,20.2,101,,12.3,No Different than U.S. National Rate,9.6,15.5,269,,12.8,No Different than U.S. National Rate,9.9,16.2,252,,20.2,No Different than U.S. National Rate,16.3,24.7,71,,28.2,No Different than U.S. National Rate,24.6,32.1,333,,16.9,No Different than U.S. National Rate,13.9,20.9,239,
69,330053,MEDINA MEMORIAL HOSPITAL,200 OHIO STREET,,,MEDINA,NY,14103,ORLEANS,5857988111,16.1,No Different than U.S. National Rate,12.1,21.0,52,,14.4,No Different than U.S. National Rate,10.8,18.9,114,,12.5,No Different than U.S. National Rate,9.2,16.7,126,,19.2,No Different than U.S. National Rate,15.2,23.7,39,,24.3,No Different than U.S. National Rate,20.2,29.0,125,,17.5,No Different than U.S. National Rate,14.2,21.9,126,
141,330241,UNIVERSITY HOSPITAL S U N Y HEALTH SCIENCE CENTER,750 EAST ADAMS STREET,,,SYRACUSE,NY,13210,ONONDAGA,3154734240,16.1,No Different than U.S. National Rate,12.9,19.9,148,,12.7,No Different than U.S. National Rate,9.9,16.2,238,,12.0,No Different than U.S. National Rate,9.2,15.4,196,,20.2,No Different than U.S. National Rate,16.7,24.1,175,,25.8,No Different than U.S. National Rate,22.4,29.8,277,,19.6,No Different than U.S. National Rate,16.4,23.4,209,
31,330153,ELLIS HOSPITAL,1101 NOTT STREET,,,SCHENECTADY,NY,12308,SCHENECTADY,5182434196,16.2,No Different than U.S. National Rate,14.0,18.7,556,,11.8,No Different than U.S. National Rate,10.1,13.7,857,,12.8,No Different than U.S. National Rate,10.7,15.4,525,,18.7,No Different than U.S. National Rate,16.2,21.5,561,,23.8,No Different than U.S. National Rate,21.4,26.4,965,,19.3,No Different than U.S. National Rate,16.5,22.2,507,
36,330193,FLUSHING HOSPITAL MEDICAL CENTER,45TH AVENUE AND PARSONS BOULEVARD,,,FLUSHING,NY,11355,QUEENS,7186705000,16.2,No Different than U.S. National Rate,13.6,19.0,207,,12.5,No Different than U.S. National Rate,10.3,15.1,332,,15.9,Worse than U.S. National Rate,13.2,18.9,338,,21.6,No Different than U.S. National Rate,18.2,25.3,139,,29.2,Worse than U.S. National Rate,25.6,32.8,323,,20.6,No Different than U.S. National Rate,17.5,24.0,297,
13,330233,BROOKDALE HOSPITAL MEDICAL CENTER,LINDEN BOULEVARD AT BROOKDALE PLAZA,,,BROOKLYN,NY,11212,KINGS,7182405966,16.3,No Different than U.S. National Rate,13.1,19.9,150,,11.2,No Different than U.S. National Rate,8.7,14.1,271,,11.5,No Different than U.S. National Rate,8.6,15.0,121,,18.5,No Different than U.S. National Rate,15.2,22.3,114,,26.6,No Different than U.S. National Rate,23.2,30.0,347,,20.2,No Different than U.S. National Rate,16.5,24.3,116,
55,330202,KINGS COUNTY HOSPITAL CENTER,451 CLARKSON AVENUE,,,BROOKLYN,NY,11203,KINGS,7182453901,16.3,No Different than U.S. National Rate,12.5,21.2,43,,10.6,No Different than U.S. National Rate,7.6,14.6,122,,13.6,No Different than U.S. National Rate,10.1,17.5,100,,Not Available,Number of Cases Too Small,Not Available,Not Available,21,number of cases is too small (fewer than 25) to reliably tell how well the hospital is performing,26.9,No Different than U.S. National Rate,22.6,31.7,171,,21.5,No Different than U.S. National Rate,17.0,26.3,94,
64,330195,LONG ISLAND JEWISH MEDICAL CENTER,270 - 05 76TH AVENUE,,,NEW HYDE PARK,NY,11040,NASSAU,7184707000,16.4,No Different than U.S. National Rate,13.4,20.1,283,,11.5,No Different than U.S. National Rate,9.6,13.7,744,,12.4,No Different than U.S. National Rate,10.2,15.0,410,,21.4,No Different than U.S. National Rate,18.2,24.9,359,,24.9,No Different than U.S. National Rate,22.5,27.5,955,,18.8,No Different than U.S. National Rate,16.0,22.1,398,
67,330136,MARY IMOGENE BASSETT HOSPITAL,ONE ATWELL ROAD,,,COOPERSTOWN,NY,13326,OTSEGO,6075473456,16.5,No Different than U.S. National Rate,13.4,20.2,238,,12.5,No Different than U.S. National Rate,10.0,15.7,324,,11.3,No Different than U.S. National Rate,8.8,14.2,270,,19.3,No Different than U.S. National Rate,16.1,23.1,256,,24.7,No Different than U.S. National Rate,21.5,28.1,390,,18.5,No Different than U.S. National Rate,15.6,21.6,299,
107,330157,SAMARITAN MEDICAL CENTER,830 WASHINGTON STREET,,,WATERTOWN,NY,13601,JEFFERSON,3157854121,16.5,No Different than U.S. National Rate,13.1,20.3,104,,12.4,No Different than U.S. National Rate,10.1,15.3,357,,12.2,No Different than U.S. National Rate,9.6,15.4,280,,18.3,No Different than U.S. National Rate,14.7,22.6,48,,23.5,No Different than U.S. National Rate,20.3,27.0,383,,17.7,No Different than U.S. National Rate,14.8,21.3,284,
93,330103,OLEAN GENERAL HOSPITAL,515 MAIN STREET,,,OLEAN,NY,14760,CATTARAUGUS,7163732600,16.6,No Different than U.S. National Rate,13.6,20.0,160,,10.3,No Different than U.S. National Rate,8.0,12.8,357,,10.8,No Different than U.S. National Rate,8.6,13.6,286,,20.1,No Different than U.S. National Rate,16.7,24.1,126,,26.5,No Different than U.S. National Rate,23.2,30.1,377,,17.6,No Different than U.S. National Rate,14.7,21.1,276,
125,330332,ST JOSEPH HOSPITAL,4295 HEMPSTEAD TURNPIKE,,,BETHPAGE,NY,11714,NASSAU,5165796000,16.6,No Different than U.S. National Rate,13.4,20.1,174,,10.8,No Different than U.S. National Rate,8.8,13.2,513,,11.3,No Different than U.S. National Rate,8.9,14.2,276,,22.3,No Different than U.S. National Rate,18.2,26.8,92,,24.3,No Different than U.S. National Rate,21.6,27.4,569,,17.6,No Different than U.S. National Rate,14.7,21.1,266,
137,330073,UNITED MEMORIAL MEDICAL CENTER,127 NORTH STREET,,,BATAVIA,NY,14020,GENESEE,5853436030,16.6,No Different than U.S. National Rate,12.7,21.3,44,,14.3,No Different than U.S. National Rate,11.0,18.3,187,,12.2,No Different than U.S. National Rate,9.2,15.9,195,,Not Available,Number of Cases Too Small,Not Available,Not Available,22,number of cases is too small (fewer than 25) to reliably tell how well the hospital is performing,28.3,No Different than U.S. National Rate,24.1,33.2,197,,20.6,No Different than U.S. National Rate,17.0,24.6,190,
65,330306,LUTHERAN MEDICAL CENTER,150 55TH STREET,,,BROOKLYN,NY,11220,KINGS,7186308000,16.7,No Different than U.S. National Rate,14.2,19.6,334,,10.9,No Different than U.S. National Rate,9.1,13.2,502,,10.0,No Different than U.S. National Rate,7.9,12.4,335,,21.4,No Different than U.S. National Rate,18.0,25.0,219,,29.3,Worse than U.S. National Rate,26.4,32.2,575,,19.1,No Different than U.S. National Rate,16.1,22.4,320,
106,330180,SAMARITAN HOSPITAL,2215 BURDETT AVENUE,,,TROY,NY,12180,RENSSELAER,5182713225,16.7,No Different than U.S. National Rate,13.2,21.0,77,,11.8,No Different than U.S. National Rate,8.8,15.4,175,,11.5,No Different than U.S. National Rate,8.9,14.7,270,,20.4,No Different than U.S. National Rate,16.5,25.0,55,,26.4,No Different than U.S. National Rate,22.4,30.5,199,,19.4,No Different than U.S. National Rate,16.2,22.8,281,
108,330222,SARATOGA HOSPITAL,211 CHURCH STREET,,,SARATOGA SPRINGS,NY,12866,SARATOGA,5185873222,16.7,No Different than U.S. National Rate,13.2,20.5,133,,10.7,No Different than U.S. National Rate,8.6,13.1,389,,11.1,No Different than U.S. National Rate,9.0,13.6,384,,22.5,No Different than U.S. National Rate,18.6,26.9,104,,26.3,No Different than U.S. National Rate,23.2,29.4,466,,17.5,No Different than U.S. National Rate,14.7,20.7,385,
3,330003,ALBANY MEMORIAL HOSPITAL,600 NORTHERN BOULEVARD,,,ALBANY,NY,12204,ALBANY,5184713221,16.8,No Different than U.S. National Rate,12.8,21.8,58,,15.4,Worse than U.S. National Rate,12.3,19.4,220,,12.5,No Different than U.S. National Rate,9.9,15.6,286,,20.6,No Different than U.S. National Rate,16.5,25.6,41,,25.9,No Different than U.S. National Rate,22.2,30.3,239,,19.2,No Different than U.S. National Rate,16.0,22.8,292,
16,330197,CANTON-POTSDAM HOSPITAL,50 LEROY STREET,,,POTSDAM,NY,13676,SAINT LAWRENCE,3152653300,16.8,No Different than U.S. National Rate,13.1,21.1,48,,12.1,No Different than U.S. National Rate,9.1,16.0,158,,10.5,No Different than U.S. National Rate,7.8,13.7,239,,Not Available,Number of Cases Too Small,Not Available,Not Available,20,number of cases is too small (fewer than 25) to reliably tell how well the hospital is performing,23.6,No Different than U.S. National Rate,19.8,28.0,190,,19.1,No Different than U.S. National Rate,15.8,22.8,256,
49,330127,JACOBI MEDICAL CENTER,1400 PELHAM PARKWAY SOUTH,,,BRONX,NY,10461,BRONX,7189185000,16.8,No Different than U.S. National Rate,13.3,20.7,98,,9.6,No Different than U.S. National Rate,6.9,13.3,127,,11.8,No Different than U.S. National Rate,8.5,16.1,89,,26.0,Worse than U.S. National Rate,20.8,31.6,72,,26.9,No Different than U.S. National Rate,22.6,31.6,161,,21.6,No Different than U.S. National Rate,17.2,26.3,92,
15,330056,BROOKLYN HOSPITAL CENTER AT DOWNTOWN CAMPUS,121 DEKALB AVENUE,,,BROOKLYN,NY,11201,KINGS,7182508000,16.9,No Different than U.S. National Rate,13.6,20.8,121,,10.8,No Different than U.S. National Rate,8.3,14.0,254,,13.7,No Different than U.S. National Rate,10.7,16.9,201,,21.7,No Different than U.S. National Rate,17.7,25.9,73,,29.2,Worse than U.S. National Rate,25.0,33.2,285,,20.4,No Different than U.S. National Rate,16.9,24.1,192,
35,330044,FAXTON-ST LUKE'S HEALTHCARE,1656 CHAMPLIN AVENUE,,,UTICA,NY,13503,ONEIDA,3157986000,17,No Different than U.S. National Rate,14.2,20.1,206,,12.6,No Different than U.S. National Rate,10.7,14.9,604,,12.0,No Different than U.S. National Rate,10.1,14.2,641,,21.2,No Different than U.S. National Rate,17.9,24.9,166,,27.1,No Different than U.S. National Rate,24.2,30.2,630,,20.6,No Different than U.S. National Rate,18.0,23.4,619,
116,330399,ST BARNABAS HOSPITAL,4422 THIRD AVENUE,,,BRONX,NY,10457,BRONX,2129609000,17,No Different than U.S. National Rate,12.7,21.9,40,,9.4,No Different than U.S. National Rate,6.8,12.8,90,,13.0,No Different than U.S. National Rate,10.0,16.8,148,,21.0,No Different than U.S. National Rate,16.7,25.6,26,,28.2,No Different than U.S. National Rate,23.5,33.4,114,,20.1,No Different than U.S. National Rate,16.5,24.2,146,
149,330396,WOODHULL MEDICAL AND MENTAL HEALTH CENTER,760 BROADWAY,,,BROOKLYN,NY,11206,KINGS,7189638100,17,No Different than U.S. National Rate,12.7,22.1,49,,9.6,No Different than U.S. National Rate,6.7,13.3,116,,12.1,No Different than U.S. National Rate,8.6,16.7,75,,Not Available,Number of Cases Too Small,Not Available,Not Available,10,number of cases is too small (fewer than 25) to reliably tell how well the hospital is performing,30.8,Worse than U.S. National Rate,26.0,35.7,156,,22.7,No Different than U.S. National Rate,17.9,28.1,82,
17,330263,CARTHAGE AREA HOSPITAL, INC,1001 WEST STREET,,,CARTHAGE,NY,13619,JEFFERSON,3154931000,17.3,No Different than U.S. National Rate,13.4,22.0,26,,12.7,No Different than U.S. National Rate,9.3,17.2,113,,12.9,No Different than U.S. National Rate,9.3,17.7,95,,Not Available,Number of Cases Too Small,Not Available,Not Available,9,number of cases is too small (fewer than 25) to reliably tell how well the hospital is performing,24.6,No Different than U.S. National Rate,20.5,29.6,115,,18.2,No Different than U.S. National Rate,14.4,22.6,96,
78,330276,NATHAN LITTAUER HOSPITAL,99 EAST STATE STREET,,,GLOVERSVILLE,NY,12078,FULTON,5187258621,17.3,No Different than U.S. National Rate,13.5,21.6,84,,14.5,No Different than U.S. National Rate,10.8,19.4,126,,13.3,No Different than U.S. National Rate,9.9,17.2,182,,21.6,No Different than U.S. National Rate,17.8,26.1,71,,23.2,No Different than U.S. National Rate,19.1,27.8,138,,19.3,No Different than U.S. National Rate,15.9,23.4,205,
86,330065,NIAGARA FALLS MEMORIAL MEDICAL CENTER,621 TENTH STREET,,,NIAGARA FALLS,NY,14302,NIAGARA,7162784000,17.4,No Different than U.S. National Rate,13.6,22.3,67,,13.1,No Different than U.S. National Rate,10.1,17.0,153,,10.1,No Different than U.S. National Rate,7.5,13.5,121,,20.1,No Different than U.S. National Rate,16.3,24.7,54,,26.6,No Different than U.S. National Rate,22.6,31.1,177,,18.6,No Different than U.S. National Rate,15.2,22.9,124,
32,330128,ELMHURST HOSPITAL CENTER,79-01 BROADWAY,,,ELMHURST,NY,11373,QUEENS,7183341141,17.5,No Different than U.S. National Rate,14.2,21.7,148,,14.2,No Different than U.S. National Rate,10.9,18.2,184,,11.4,No Different than U.S. National Rate,8.7,14.9,214,,21.7,No Different than U.S. National Rate,17.4,26.3,114,,30.5,Worse than U.S. National Rate,26.2,35.3,230,,21.0,No Different than U.S. National Rate,17.4,24.9,231,
45,330164,HIGHLAND HOSPITAL,1000 SOUTH AVENUE,,,ROCHESTER,NY,14620,MONROE,5854732200,17.5,No Different than U.S. National Rate,13.8,21.8,73,,14.8,Worse than U.S. National Rate,12.1,18.1,278,,14.1,No Different than U.S. National Rate,11.3,17.4,306,,19.7,No Different than U.S. National Rate,15.8,24.1,67,,21.8,No Different than U.S. National Rate,18.6,25.5,305,,18.7,No Different than U.S. National Rate,15.5,22.2,322,
39,330058,GENEVA GENERAL HOSPITAL,196 -198 NORTH STREET,,,GENEVA,NY,14456,ONTARIO,3157874175,17.6,No Different than U.S. National Rate,13.7,22.0,51,,15.1,No Different than U.S. National Rate,11.6,19.4,165,,13.5,No Different than U.S. National Rate,10.1,17.5,146,,21.6,No Different than U.S. National Rate,17.3,26.6,31,,23.7,No Different than U.S. National Rate,19.8,28.3,174,,16.2,No Different than U.S. National Rate,12.9,20.5,142,
48,330397,INTERFAITH MEDICAL CENTER,1545 ATLANTIC AVENUE,,,BROOKLYN,NY,11213,KINGS,7186134000,17.6,No Different than U.S. National Rate,13.5,22.1,40,,11.7,No Different than U.S. National Rate,8.4,15.7,85,,12.2,No Different than U.S. National Rate,8.6,16.9,61,,23.7,No Different than U.S. National Rate,18.9,28.8,27,,29.8,Worse than U.S. National Rate,24.9,35.2,104,,20.6,No Different than U.S. National Rate,16.3,25.7,52,
24,330249,COMMUNITY MEMORIAL HOSPITAL, INC,150 BROAD STREET,,,HAMILTON,NY,13346,MADISON,3158241100,17.8,No Different than U.S. National Rate,13.5,22.9,26,,11.2,No Different than U.S. National Rate,8.1,15.5,90,,15.4,No Different than U.S. National Rate,11.6,19.7,187,,Not Available,Number of Cases Too Small,Not Available,Not Available,15,number of cases is too small (fewer than 25) to reliably tell how well the hospital is performing,24.1,No Different than U.S. National Rate,19.8,28.9,101,,18.0,No Different than U.S. National Rate,14.8,22.0,182,
77,330027,NASSAU UNIVERSITY MEDICAL CENTER,2201 HEMPSTEAD TURNPIKE,,,EAST MEADOW,NY,11554,NASSAU,5165720123,17.8,No Different than U.S. National Rate,14.2,22.1,102,,14.3,No Different than U.S. National Rate,11.2,17.8,194,,14.9,No Different than U.S. National Rate,11.9,18.5,183,,21.3,No Different than U.S. National Rate,17.1,26.1,58,,30.0,Worse than U.S. National Rate,25.7,34.4,196,,23.4,Worse than U.S. National Rate,19.3,27.7,173,
62,330080,LINCOLN MEDICAL & MENTAL HEALTH CENTER,234 EAST 149TH STREET,,,BRONX,NY,10451,BRONX,7185795000,18.1,No Different than U.S. National Rate,14.3,23.0,93,,10.0,No Different than U.S. National Rate,7.2,13.5,101,,15.0,No Different than U.S. National Rate,11.2,19.6,105,,19.7,No Different than U.S. National Rate,15.9,24.3,47,,27.4,No Different than U.S. National Rate,23.2,32.1,157,,20.6,No Different than U.S. National Rate,16.4,25.3,105,
148,330239,WOMAN'S CHRISTIAN ASSOCIATION,207 FOOTE AVENUE,,,JAMESTOWN,NY,14701,CHAUTAUQUA,7164870141,18.2,No Different than U.S. National Rate,14.8,22.1,171,,11.4,No Different than U.S. National Rate,9.0,14.5,341,,11.9,No Different than U.S. National Rate,9.3,15.4,314,,20.8,No Different than U.S. National Rate,17.1,24.9,112,,23.1,No Different than U.S. National Rate,19.9,26.7,363,,16.0,No Different than U.S. National Rate,13.3,19.6,310,
34,330074,F F THOMPSON HOSPITAL,350 PARRISH STREET,,,CANANDAIGUA,NY,14424,ONTARIO,5853966000,18.8,No Different than U.S. National Rate,14.3,24.3,56,,12.9,No Different than U.S. National Rate,9.5,17.5,107,,13.9,No Different than U.S. National Rate,10.8,17.7,185,,19.9,No Different than U.S. National Rate,15.6,25.1,36,,26.0,No Different than U.S. National Rate,21.6,30.9,126,,19.5,No Different than U.S. National Rate,15.9,23.6,186,
